{
  "name": "Santa Monica College",
  "uuid": "ca84db96-acb7-4e41-913e-db4a401a3691",
  "data": {
    "scattergrams": null,
    "applicationStatistics": {
      "accepted": {
        "act": {
          "actComposite": {
            "25": 25,
            "75": 30
          },
          "actEnglish": {
            "25": 25.5,
            "75": 34.5
          },
          "actMath": {
            "25": 24.5,
            "75": 31
          },
          "actReading": {
            "25": 24.5,
            "75": 30.5
          },
          "actScience": {
            "25": 24.5,
            "75": 28
          },
          "actWriting": {
            "25": 8.5,
            "75": 23
          }
        },
        "sat": {
          "satTotal": {
            "25": 1165,
            "75": 1215
          },
          "satMath": {
            "25": 590,
            "75": 630
          },
          "satReadingWriting": {
            "25": 605,
            "75": 615
          }
        },
        "gpa": {
          "25": 3.1025,
          "75": 3.6775
        },
        "weightedGpa": {
          "25": 3.1025,
          "75": 3.6775
        },
        "gpaConverted": {
          "25": 3.1025,
          "75": 3.6775
        },
        "weightedGpaConverted": {
          "25": 3.1025,
          "75": 3.6775
        }
      },
      "enrolled": {
        "act": {
          "actComposite": {
            "25": 29,
            "75": 31
          },
          "actEnglish": {
            "25": 33,
            "75": 35
          },
          "actMath": {
            "25": 28,
            "75": 33
          },
          "actReading": {
            "25": 30,
            "75": 31
          },
          "actScience": {
            "25": 26,
            "75": 29
          },
          "actWriting": {
            "25": 8,
            "75": 9
          }
        },
        "sat": {
          "satTotal": {
            "25": 1240,
            "75": 1240
          },
          "satMath": {
            "25": 650,
            "75": 650
          },
          "satReadingWriting": {
            "25": 620,
            "75": 620
          }
        },
        "gpa": {
          "25": 3.3,
          "75": 3.7800000000000002
        },
        "weightedGpa": {
          "25": 3.3,
          "75": 3.7800000000000002
        },
        "gpaConverted": {
          "25": 3.3,
          "75": 3.7800000000000002
        },
        "weightedGpaConverted": {
          "25": 3.3,
          "75": 3.7800000000000002
        }
      }
    }
  }
}